[
    {
        "id": 1,
        "title": "Scientists speculate that ours might not be held",
        "img": "inner_blog_img01.jpg",
        "category": "Gaming",
        "author": "miranda h.",
        "date": "25 April 2023"
    },
    {
        "id": 2,
        "title": "The Multiverse is the collection of alternate universes",
        "img": "inner_blog_img02.jpg",
        "category": "Tech",
        "author": "miranda h.",
        "date": "25 April 2023"
    },
    {
        "id": 3,
        "title": "That share a universal hierarchy a large variety of these",
        "img": "inner_blog_img03.jpg",
        "category": "Movie",
        "author": "miranda h.",
        "date": "25 April 2023"
    },
    {
        "id": 4,
        "title": "Universes were originated from another due to a major",
        "img": "inner_blog_img01.jpg",
        "category": "Sports",
        "author": "miranda h.",
        "date": "25 April 2023"
    },
    {
        "id": 5,
        "title": "A hypothetical collection of potentially diverse",
        "img": "inner_blog_img02.jpg",
        "category": "Gaming",
        "author": "miranda h.",
        "date": "25 April 2023"
    },
    {
        "id": 6,
        "title": "Stanford physicists Andrei Linde In a new study",
        "img": "inner_blog_img03.jpg",
        "category": "Tech",
        "author": "miranda h.",
        "date": "25 April 2023"
    },
    {
        "id": 7,
        "title": "Accessible to telescopes, is about 90 billion years",
        "img": "inner_blog_img01.jpg",
        "category": "Movie",
        "author": "miranda h.",
        "date": "25 April 2023"
    },
    {
        "id": 8,
        "title": "Observable universes each of which would comprise",
        "img": "inner_blog_img02.jpg",
        "category": "Sports",
        "author": "miranda h.",
        "date": "25 April 2023"
    }
]